1419.000,0.018,0.018,0.736
1419.001,0.018,0.018,-0.731
1419.002,0.018,0.018,-1.073
1419.004,0.017,0.018,-0.346
1419.005,0.017,0.018,0.281
1419.006,0.017,0.017,0.561
1419.007,0.017,0.017,0.073
1419.008,0.017,0.017,-0.268
1419.009,0.017,0.017,0.100
1419.011,0.017,0.017,-1.699
1419.012,0.017,0.018,-3.241
1419.013,0.017,0.017,-1.372
1419.014,0.017,0.017,0.194
1419.015,0.017,0.017,1.180
1419.016,0.017,0.017,1.448
1419.018,0.017,0.017,0.205
1419.019,0.017,0.017,0.321
1419.020,0.017,0.017,1.558
1419.021,0.017,0.017,1.474
1419.022,0.017,0.017,0.063
1419.023,0.017,0.017,-0.701
1419.025,0.017,0.017,-0.434
1419.026,0.017,0.017,-0.233
1419.027,0.017,0.017,-0.977
1419.028,0.017,0.017,-0.063
1419.029,0.017,0.017,1.982
1419.030,0.017,0.017,1.830
1419.032,0.017,0.017,1.613
1419.033,0.017,0.016,1.939
1419.034,0.017,0.016,2.274
1419.035,0.016,0.016,1.410
1419.036,0.016,0.016,1.316
1419.037,0.016,0.016,1.181
1419.039,0.016,0.017,0.147
1419.040,0.016,0.016,-0.058
1419.041,0.016,0.017,-0.282
1419.042,0.016,0.017,-0.270
1419.043,0.016,0.016,0.609
1419.045,0.016,0.017,-1.036
1419.046,0.016,0.017,-0.963
1419.047,0.016,0.016,0.472
1419.048,0.016,0.016,0.380
1419.049,0.016,0.016,-0.363
1419.050,0.016,0.016,0.038
1419.052,0.016,0.016,-0.147
1419.053,0.016,0.016,-0.102
1419.054,0.016,0.016,-0.280
1419.055,0.016,0.016,-0.385
1419.056,0.016,0.016,-0.444
1419.057,0.016,0.017,-0.603
1419.059,0.016,0.017,-0.186
1419.060,0.016,0.017,-0.638
1419.061,0.016,0.016,-0.543
1419.062,0.016,0.016,0.598
1419.063,0.016,0.016,0.949
1419.064,0.016,0.016,0.969
1419.066,0.016,0.017,0.953
1419.067,0.016,0.017,0.662
1419.068,0.016,0.016,1.765
1419.069,0.017,0.016,2.216
1419.070,0.017,0.017,0.855
1419.071,0.017,0.017,-0.907
1419.073,0.017,0.017,-1.671
1419.074,0.017,0.017,-1.278
1419.075,0.017,0.017,-0.710
1419.076,0.017,0.017,-1.385
1419.077,0.017,0.017,0.417
1419.079,0.017,0.017,1.758
1419.080,0.017,0.017,1.266
1419.081,0.017,0.017,0.764
1419.082,0.017,0.017,0.168
1419.083,0.017,0.017,-0.148
1419.084,0.017,0.017,-0.501
1419.086,0.017,0.017,-0.286
1419.087,0.017,0.017,-0.161
1419.088,0.017,0.017,0.583
1419.089,0.017,0.017,-0.056
1419.090,0.017,0.017,0.185
1419.091,0.017,0.018,0.174
1419.093,0.017,0.018,-0.721
1419.094,0.018,0.018,-0.133
1419.095,0.018,0.018,0.162
1419.096,0.018,0.018,-0.722
1419.097,0.018,0.018,0.122
1419.098,0.018,0.018,1.331
1419.100,0.018,0.018,1.026
1419.101,0.018,0.018,0.466
1419.102,0.018,0.018,0.017
1419.103,0.018,0.018,-0.977
1419.104,0.018,0.018,-0.055
1419.105,0.018,0.018,1.294
1419.107,0.018,0.018,0.973
1419.108,0.018,0.019,-0.837
1419.109,0.019,0.019,-1.670
1419.110,0.019,0.019,-0.263
1419.111,0.019,0.019,1.179
1419.112,0.019,0.019,1.704
1419.114,0.019,0.019,1.164
1419.115,0.019,0.019,1.485
1419.116,0.019,0.019,3.284
1419.117,0.019,0.019,2.098
1419.118,0.019,0.019,0.447
1419.120,0.019,0.020,0.628
1419.121,0.020,0.020,2.050
1419.122,0.020,0.020,1.561
1419.123,0.020,0.020,0.467
1419.124,0.020,0.020,0.466
1419.125,0.020,0.020,-0.095
1419.127,0.020,0.020,0.892
1419.128,0.020,0.020,1.411
1419.129,0.020,0.020,0.907
1419.130,0.020,0.021,0.572
1419.131,0.021,0.021,0.680
1419.132,0.021,0.021,-1.152
1419.134,0.021,0.021,-2.255
1419.135,0.021,0.021,-0.879
1419.136,0.021,0.021,0.348
1419.137,0.021,0.021,1.622
1419.138,0.021,0.021,1.822
1419.139,0.021,0.021,1.532
1419.141,0.021,0.022,0.711
1419.142,0.022,0.022,0.026
1419.143,0.022,0.022,-0.222
1419.144,0.022,0.022,1.087
1419.145,0.022,0.022,2.144
1419.146,0.022,0.022,1.173
1419.148,0.022,0.022,0.367
1419.149,0.022,0.022,1.023
1419.150,0.022,0.023,1.180
1419.151,0.023,0.023,1.020
1419.152,0.023,0.023,2.123
1419.154,0.023,0.023,3.294
1419.155,0.023,0.023,3.366
1419.156,0.023,0.023,2.537
1419.157,0.023,0.023,1.718
1419.158,0.023,0.023,0.950
1419.159,0.024,0.024,0.401
1419.161,0.024,0.024,0.810
1419.162,0.024,0.024,0.417
1419.163,0.024,0.024,-0.698
1419.164,0.024,0.024,-1.448
1419.165,0.024,0.024,0.257
1419.166,0.024,0.024,0.658
1419.168,0.024,0.024,0.339
1419.169,0.024,0.025,0.691
1419.170,0.025,0.025,0.735
1419.171,0.025,0.025,0.743
1419.172,0.025,0.025,1.217
1419.173,0.025,0.025,2.877
1419.175,0.025,0.025,2.946
1419.176,0.025,0.025,2.653
1419.177,0.026,0.026,3.045
1419.178,0.026,0.026,1.272
1419.179,0.026,0.026,0.396
1419.180,0.026,0.026,-0.337
1419.182,0.026,0.026,-0.358
1419.183,0.026,0.026,0.300
1419.184,0.026,0.027,-1.308
1419.185,0.026,0.027,-1.612
1419.186,0.027,0.027,-1.446
1419.188,0.027,0.027,-0.058
1419.189,0.027,0.027,1.023
1419.190,0.027,0.027,1.040
1419.191,0.027,0.027,1.278
1419.192,0.027,0.027,1.675
1419.193,0.027,0.028,-0.858
1419.195,0.027,0.028,-3.551
1419.196,0.028,0.028,-2.923
1419.197,0.028,0.028,-2.144
1419.198,0.028,0.028,-2.206
1419.199,0.028,0.028,-1.589
1419.200,0.028,0.028,-0.476
1419.202,0.028,0.029,-0.035
1419.203,0.028,0.029,0.103
1419.204,0.029,0.029,0.047
1419.205,0.029,0.029,0.308
1419.206,0.029,0.029,1.225
1419.207,0.029,0.029,1.622
1419.209,0.029,0.029,1.138
1419.210,0.029,0.030,-0.131
1419.211,0.029,0.030,-0.697
1419.212,0.030,0.030,0.273
1419.213,0.030,0.030,0.387
1419.214,0.030,0.030,0.347
1419.216,0.030,0.030,0.453
1419.217,0.030,0.030,0.258
1419.218,0.030,0.030,0.092
1419.219,0.030,0.031,0.115
1419.220,0.030,0.031,0.563
1419.221,0.031,0.031,0.029
1419.223,0.031,0.031,-1.408
1419.224,0.031,0.031,-1.270
1419.225,0.031,0.031,-0.876
1419.226,0.031,0.032,-1.283
1419.227,0.031,0.032,-0.507
1419.229,0.031,0.032,-0.110
1419.230,0.032,0.032,-0.619
1419.231,0.032,0.032,-0.354
1419.232,0.032,0.032,0.978
1419.233,0.032,0.032,1.641
1419.234,0.032,0.032,-0.161
1419.236,0.032,0.033,-0.323
1419.237,0.033,0.033,1.416
1419.238,0.033,0.033,3.676
1419.239,0.033,0.033,3.531
1419.240,0.033,0.033,2.369
1419.241,0.033,0.033,0.937
1419.243,0.033,0.033,0.704
1419.244,0.033,0.034,-0.029
1419.245,0.033,0.034,-0.497
1419.246,0.033,0.034,-0.512
1419.247,0.034,0.034,-0.045
1419.248,0.034,0.034,0.662
1419.250,0.034,0.034,0.676
1419.251,0.034,0.034,-0.647
1419.252,0.034,0.035,-2.188
1419.253,0.034,0.035,-2.010
1419.254,0.034,0.035,-1.189
1419.255,0.035,0.035,-0.531
1419.257,0.035,0.035,0.446
1419.258,0.035,0.035,0.943
1419.259,0.035,0.035,1.125
1419.260,0.035,0.035,0.016
1419.261,0.035,0.036,0.107
1419.263,0.035,0.036,0.962
1419.264,0.036,0.036,0.946
1419.265,0.036,0.036,0.417
1419.266,0.036,0.036,0.629
1419.267,0.036,0.036,0.383
1419.268,0.036,0.036,0.793
1419.270,0.036,0.036,-0.313
1419.271,0.036,0.037,-1.119
1419.272,0.036,0.037,-0.416
1419.273,0.036,0.037,0.346
1419.274,0.037,0.037,0.835
1419.275,0.037,0.037,1.678
1419.277,0.037,0.037,1.917
1419.278,0.037,0.037,1.509
1419.279,0.037,0.037,1.020
1419.280,0.037,0.037,1.115
1419.281,0.037,0.038,0.404
1419.282,0.037,0.038,-0.344
1419.284,0.037,0.038,0.420
1419.285,0.038,0.038,0.389
1419.286,0.038,0.038,0.589
1419.287,0.038,0.038,0.288
1419.288,0.038,0.038,-0.030
1419.289,0.038,0.038,0.439
1419.291,0.038,0.038,0.527
1419.292,0.038,0.038,1.544
1419.293,0.038,0.039,1.070
1419.294,0.039,0.039,-0.079
1419.295,0.039,0.039,0.414
1419.296,0.039,0.039,0.352
1419.298,0.039,0.039,0.423
1419.299,0.039,0.039,1.857
1419.300,0.039,0.039,1.072
1419.301,0.039,0.040,-0.753
1419.302,0.039,0.040,-0.331
1419.304,0.039,0.039,1.633
1419.305,0.040,0.039,3.111
1419.306,0.040,0.040,1.570
1419.307,0.040,0.040,-0.184
1419.308,0.040,0.040,0.531
1419.309,0.040,0.040,1.309
1419.311,0.040,0.040,0.425
1419.312,0.040,0.040,-0.228
1419.313,0.040,0.041,-0.102
1419.314,0.040,0.041,-0.916
1419.315,0.040,0.041,-1.469
1419.316,0.041,0.041,-1.371
1419.318,0.041,0.041,0.265
1419.319,0.041,0.041,0.208
1419.320,0.041,0.041,-0.964
1419.321,0.041,0.041,-0.576
1419.322,0.041,0.041,0.325
1419.323,0.041,0.041,0.771
1419.325,0.041,0.042,0.222
1419.326,0.041,0.042,0.958
1419.327,0.042,0.042,1.654
1419.328,0.042,0.042,1.768
1419.329,0.042,0.042,1.278
1419.330,0.042,0.042,0.426
1419.332,0.042,0.042,-0.174
1419.333,0.042,0.042,0.262
1419.334,0.042,0.043,-0.075
1419.335,0.042,0.042,0.317
1419.336,0.042,0.042,1.398
1419.337,0.042,0.043,0.131
1419.339,0.042,0.043,-0.890
1419.340,0.042,0.043,-0.194
1419.341,0.043,0.043,0.029
1419.342,0.043,0.043,-0.190
1419.343,0.043,0.043,0.234
1419.345,0.043,0.043,0.108
1419.346,0.043,0.043,-0.602
1419.347,0.043,0.044,-0.594
1419.348,0.043,0.044,-1.224
1419.349,0.043,0.044,0.097
1419.350,0.043,0.043,1.434
1419.352,0.043,0.044,1.075
1419.353,0.044,0.044,0.377
1419.354,0.044,0.044,0.332
1419.355,0.044,0.044,0.481
1419.356,0.044,0.044,-0.787
1419.357,0.044,0.044,-1.294
1419.359,0.044,0.045,-0.448
1419.360,0.045,0.045,1.182
1419.361,0.044,0.044,1.673
1419.362,0.044,0.044,1.728
1419.363,0.044,0.044,1.337
1419.364,0.044,0.045,-0.404
1419.366,0.044,0.045,-0.897
1419.367,0.045,0.045,-0.396
1419.368,0.045,0.045,-0.564
1419.369,0.045,0.045,-0.802
1419.370,0.045,0.045,-0.197
1419.371,0.045,0.045,0.522
1419.373,0.045,0.045,0.417
1419.374,0.045,0.045,0.348
1419.375,0.045,0.045,-0.269
1419.376,0.045,0.046,-0.835
1419.377,0.045,0.046,-0.036
1419.379,0.045,0.046,0.323
1419.380,0.045,0.046,-0.444
1419.381,0.045,0.046,-0.323
1419.382,0.045,0.046,0.734
1419.383,0.045,0.046,0.215
1419.384,0.045,0.046,-0.478
1419.386,0.046,0.046,-0.207
1419.387,0.046,0.046,0.288
1419.388,0.046,0.046,0.343
1419.389,0.046,0.046,1.028
1419.390,0.046,0.046,0.037
1419.391,0.046,0.046,-0.598
1419.393,0.046,0.047,-0.527
1419.394,0.046,0.046,-0.167
1419.395,0.046,0.046,0.706
1419.396,0.046,0.046,1.237
1419.397,0.046,0.046,1.885
1419.398,0.046,0.046,3.105
1419.400,0.046,0.046,2.266
1419.401,0.046,0.047,0.933
1419.402,0.046,0.047,0.364
1419.403,0.047,0.047,0.178
1419.404,0.047,0.047,0.075
1419.405,0.046,0.047,-0.754
1419.407,0.047,0.047,-0.672
1419.408,0.046,0.047,0.005
1419.409,0.046,0.047,0.485
1419.410,0.047,0.047,0.668
1419.411,0.047,0.047,0.119
1419.412,0.047,0.047,0.082
1419.414,0.047,0.048,-1.051
1419.415,0.047,0.048,-1.033
1419.416,0.047,0.048,-1.444
1419.417,0.047,0.048,-1.657
1419.418,0.047,0.048,-0.279
1419.420,0.047,0.047,1.518
1419.421,0.047,0.047,1.898
1419.422,0.047,0.047,0.878
1419.423,0.047,0.048,-0.599
1419.424,0.047,0.048,-0.491
1419.425,0.047,0.047,0.301
1419.427,0.047,0.047,0.815
1419.428,0.047,0.047,1.761
1419.429,0.048,0.047,2.051
1419.430,0.048,0.048,1.342
1419.431,0.048,0.048,0.768
1419.432,0.048,0.048,0.330
1419.434,0.048,0.048,-1.009
1419.435,0.048,0.048,-1.645
1419.436,0.048,0.048,-0.123
1419.437,0.048,0.048,0.650
1419.438,0.048,0.048,-0.591
1419.439,0.048,0.049,-2.181
1419.441,0.048,0.049,-2.004
1419.442,0.048,0.048,0.376
1419.443,0.048,0.048,2.574
1419.444,0.048,0.048,2.310
1419.445,0.048,0.048,0.701
1419.446,0.048,0.048,-0.160
1419.448,0.048,0.048,0.479
1419.449,0.048,0.048,1.009
1419.450,0.048,0.048,0.380
1419.451,0.048,0.048,-0.373
1419.452,0.048,0.049,-0.653
1419.454,0.048,0.048,0.103
1419.455,0.048,0.048,0.811
1419.456,0.048,0.049,-0.257
1419.457,0.048,0.049,-1.125
1419.458,0.048,0.049,-0.729
1419.459,0.048,0.048,0.289
1419.461,0.048,0.048,0.557
1419.462,0.048,0.049,-0.467
1419.463,0.048,0.049,-0.813
1419.464,0.048,0.048,1.326
1419.465,0.048,0.049,0.843
1419.466,0.048,0.049,-0.911
1419.468,0.048,0.049,-0.127
1419.469,0.048,0.049,0.191
1419.470,0.048,0.048,0.830
1419.471,0.048,0.048,0.911
1419.472,0.048,0.049,-0.223
1419.473,0.048,0.049,-0.138
1419.475,0.048,0.049,-0.539
1419.476,0.048,0.049,-1.417
1419.477,0.048,0.049,-1.004
1419.478,0.048,0.049,-0.187
1419.479,0.048,0.049,-0.172
1419.480,0.048,0.049,-0.348
1419.482,0.048,0.049,0.453
1419.483,0.048,0.048,1.311
1419.484,0.048,0.048,0.463
1419.485,0.048,0.049,-1.003
1419.486,0.048,0.049,-0.163
1419.487,0.048,0.049,0.340
1419.489,0.048,0.048,1.189
1419.490,0.048,0.048,2.021
1419.491,0.048,0.049,0.451
1419.492,0.048,0.049,-1.463
1419.493,0.048,0.049,-1.295
1419.495,0.048,0.049,0.595
1419.496,0.048,0.049,0.760
1419.497,0.048,0.049,-0.250
1419.498,0.048,0.049,-0.257
1419.499,0.048,0.049,-1.525
1419.500,0.048,0.049,-3.185
1419.502,0.048,0.049,-2.187
1419.503,0.048,0.049,-0.581
1419.504,0.048,0.048,1.245
1419.505,0.048,0.048,2.270
1419.506,0.048,0.048,0.965
1419.507,0.048,0.049,-0.879
1419.509,0.048,0.049,-0.998
1419.510,0.048,0.049,0.025
1419.511,0.048,0.049,-0.112
1419.512,0.048,0.049,0.238
1419.513,0.048,0.049,0.698
1419.514,0.048,0.049,-0.224
1419.516,0.048,0.049,-1.158
1419.517,0.048,0.049,-0.563
1419.518,0.048,0.049,-0.169
1419.519,0.048,0.049,-0.642
1419.520,0.048,0.049,-0.274
1419.521,0.048,0.048,0.835
1419.523,0.048,0.048,2.014
1419.524,0.048,0.048,1.845
1419.525,0.048,0.049,0.192
1419.526,0.048,0.049,0.225
1419.527,0.048,0.049,0.326
1419.529,0.048,0.048,0.288
1419.530,0.048,0.049,-0.630
1419.531,0.048,0.049,-1.656
1419.532,0.048,0.049,-0.497
1419.533,0.048,0.048,0.422
1419.534,0.048,0.048,0.630
1419.536,0.048,0.048,0.777
1419.537,0.048,0.048,1.434
1419.538,0.048,0.048,0.807
1419.539,0.048,0.048,0.150
1419.540,0.048,0.049,-1.028
1419.541,0.048,0.048,-0.313
1419.543,0.048,0.048,0.727
1419.544,0.048,0.048,0.550
1419.545,0.048,0.048,0.101
1419.546,0.048,0.048,0.530
1419.547,0.048,0.048,1.333
1419.548,0.048,0.048,1.068
1419.550,0.048,0.048,0.504
1419.551,0.048,0.048,-0.323
1419.552,0.048,0.048,0.210
1419.553,0.048,0.048,1.420
1419.554,0.048,0.048,1.267
1419.555,0.048,0.048,1.194
1419.557,0.048,0.048,1.388
1419.558,0.048,0.048,0.639
1419.559,0.048,0.048,-0.558
1419.560,0.048,0.049,-2.097
1419.561,0.048,0.049,-3.931
1419.562,0.048,0.048,-1.965
1419.564,0.048,0.048,0.172
1419.565,0.048,0.048,0.038
1419.566,0.048,0.048,1.382
1419.567,0.048,0.048,0.629
1419.568,0.047,0.048,-1.312
1419.570,0.048,0.048,-1.754
1419.571,0.048,0.048,-0.535
1419.572,0.047,0.048,-0.080
1419.573,0.047,0.048,0.165
1419.574,0.048,0.048,0.718
1419.575,0.048,0.048,0.675
1419.577,0.047,0.048,0.871
1419.578,0.048,0.048,1.053
1419.579,0.047,0.048,0.745
1419.580,0.047,0.048,-0.393
1419.581,0.047,0.048,-0.468
1419.582,0.047,0.048,-0.932
1419.584,0.047,0.048,-2.296
1419.585,0.047,0.048,-2.394
1419.586,0.047,0.048,-1.000
1419.587,0.047,0.048,0.535
1419.588,0.047,0.047,1.073
1419.589,0.047,0.047,0.368
1419.591,0.047,0.048,-1.059
1419.592,0.047,0.048,-2.444
1419.593,0.047,0.048,-1.592
1419.594,0.047,0.048,-0.614
1419.595,0.047,0.048,-0.637
1419.596,0.047,0.047,-0.586
1419.598,0.047,0.048,-0.184
1419.599,0.047,0.047,1.423
1419.600,0.047,0.047,2.954
1419.601,0.047,0.047,1.425
1419.602,0.047,0.047,-0.569
1419.604,0.047,0.047,0.063
1419.605,0.047,0.047,1.963
1419.606,0.047,0.047,1.687
1419.607,0.047,0.047,0.529
1419.608,0.047,0.047,0.032
1419.609,0.047,0.047,0.520
1419.611,0.047,0.047,0.909
1419.612,0.047,0.047,0.718
1419.613,0.047,0.047,1.027
1419.614,0.047,0.047,0.906
1419.615,0.047,0.047,0.545
1419.616,0.047,0.047,0.456
1419.618,0.047,0.047,0.406
1419.619,0.047,0.047,0.400
1419.620,0.047,0.047,-0.017
1419.621,0.046,0.047,-2.623
1419.622,0.046,0.048,-4.383
1419.623,0.047,0.047,-1.799
1419.625,0.046,0.047,-0.369
1419.626,0.046,0.047,-0.320
1419.627,0.046,0.047,-0.382
1419.628,0.046,0.047,-0.510
1419.629,0.046,0.046,0.381
1419.630,0.046,0.046,1.212
1419.632,0.046,0.047,-0.132
1419.633,0.046,0.047,-0.744
1419.634,0.046,0.046,0.903
1419.635,0.046,0.046,1.649
1419.636,0.046,0.046,1.817
1419.638,0.046,0.046,1.568
1419.639,0.046,0.047,0.124
1419.640,0.046,0.047,-0.571
1419.641,0.046,0.047,-1.023
1419.642,0.046,0.046,-0.288
1419.643,0.046,0.046,0.826
1419.645,0.046,0.046,0.713
1419.646,0.046,0.047,-1.471
1419.647,0.046,0.047,-2.083
1419.648,0.046,0.046,-0.026
1419.649,0.046,0.046,0.590
1419.650,0.046,0.046,0.542
1419.652,0.046,0.046,-0.544
1419.653,0.046,0.046,-1.259
1419.654,0.046,0.046,-0.444
1419.655,0.046,0.046,0.914
1419.656,0.046,0.046,0.353
1419.657,0.046,0.046,0.552
1419.659,0.045,0.046,1.155
1419.660,0.045,0.046,0.064
1419.661,0.045,0.046,-0.866
1419.662,0.045,0.046,-0.554
1419.663,0.045,0.046,0.092
1419.664,0.046,0.046,1.259
1419.666,0.046,0.045,3.337
1419.667,0.046,0.045,2.801
1419.668,0.045,0.046,0.657
1419.669,0.045,0.046,-0.425
1419.670,0.045,0.046,-1.183
1419.671,0.045,0.046,-1.426
1419.673,0.045,0.046,-1.289
1419.674,0.045,0.046,-0.625
1419.675,0.045,0.046,0.174
1419.676,0.045,0.046,-0.098
1419.677,0.045,0.046,-0.997
1419.679,0.045,0.046,-2.157
1419.680,0.045,0.046,-2.237
1419.681,0.045,0.046,-1.382
1419.682,0.045,0.046,-2.764
1419.683,0.045,0.047,-5.649
1419.684,0.045,0.046,-3.881
1419.686,0.045,0.046,-2.110
1419.687,0.045,0.046,-0.907
1419.688,0.045,0.045,-0.293
1419.689,0.045,0.045,0.395
1419.690,0.045,0.045,1.096
1419.691,0.045,0.045,0.591
1419.693,0.045,0.045,0.253
1419.694,0.045,0.045,0.092
1419.695,0.045,0.045,-0.613
1419.696,0.045,0.045,-0.157
1419.697,0.045,0.045,0.509
1419.698,0.045,0.045,-0.445
1419.700,0.045,0.045,-0.978
1419.701,0.045,0.045,-0.482
1419.702,0.044,0.045,0.510
1419.703,0.044,0.045,1.453
1419.704,0.045,0.045,1.064
1419.705,0.045,0.045,0.554
1419.707,0.045,0.045,-0.542
1419.708,0.045,0.045,-0.096
1419.709,0.045,0.045,0.601
1419.710,0.045,0.045,-0.345
1419.711,0.045,0.045,-0.375
1419.712,0.044,0.045,-0.222
1419.714,0.044,0.045,-0.930
1419.715,0.044,0.045,-0.521
1419.716,0.044,0.045,-0.133
1419.717,0.044,0.045,-0.198
1419.718,0.044,0.045,0.144
1419.720,0.044,0.045,0.820
1419.721,0.044,0.044,1.317
1419.722,0.044,0.044,2.021
1419.723,0.044,0.044,2.351
1419.724,0.044,0.044,1.641
1419.725,0.045,0.045,0.572
1419.727,0.045,0.045,0.420
1419.728,0.044,0.045,-0.263
1419.729,0.044,0.045,-1.044
1419.730,0.044,0.044,0.497
1419.731,0.044,0.044,1.996
1419.732,0.044,0.044,1.221
1419.734,0.044,0.044,0.572
1419.735,0.044,0.045,-0.615
1419.736,0.044,0.044,-0.349
1419.737,0.044,0.044,0.367
1419.738,0.044,0.044,-0.200
1419.739,0.044,0.044,-0.052
1419.741,0.044,0.044,-0.222
1419.742,0.044,0.045,-0.682
1419.743,0.044,0.045,-1.519
1419.744,0.044,0.045,-1.671
1419.745,0.044,0.044,-0.311
1419.746,0.044,0.044,-0.369
1419.748,0.044,0.044,-0.132
1419.749,0.044,0.044,0.706
1419.750,0.044,0.044,0.287
1419.751,0.044,0.044,-0.653
1419.752,0.044,0.044,-0.808
1419.754,0.044,0.044,-0.243
1419.755,0.044,0.044,-0.960
1419.756,0.044,0.044,-0.840
1419.757,0.044,0.044,-0.210
1419.758,0.044,0.044,-0.103
1419.759,0.044,0.044,0.161
1419.761,0.044,0.044,-0.028
1419.762,0.044,0.044,-0.808
1419.763,0.044,0.044,0.127
1419.764,0.044,0.044,0.659
1419.765,0.044,0.044,0.864
1419.766,0.044,0.044,1.442
1419.768,0.044,0.044,0.929
1419.769,0.044,0.044,0.618
1419.770,0.044,0.044,0.997
1419.771,0.044,0.044,1.246
1419.772,0.044,0.044,-0.025
1419.773,0.044,0.044,-0.520
1419.775,0.044,0.044,0.055
1419.776,0.044,0.044,0.065
1419.777,0.044,0.044,0.713
1419.778,0.044,0.044,0.786
1419.779,0.044,0.044,0.214
1419.780,0.044,0.044,-0.905
1419.782,0.044,0.044,-1.300
1419.783,0.044,0.044,0.232
1419.784,0.044,0.044,0.669
1419.785,0.044,0.044,-0.026
1419.786,0.044,0.044,1.489
1419.787,0.044,0.044,1.979
1419.789,0.044,0.044,0.244
1419.790,0.044,0.044,0.578
1419.791,0.044,0.044,-0.602
1419.792,0.044,0.044,-0.861
1419.793,0.044,0.044,-0.178
1419.795,0.044,0.044,-0.556
1419.796,0.044,0.044,-0.895
1419.797,0.044,0.044,-1.087
1419.798,0.044,0.044,-0.230
1419.799,0.044,0.044,1.154
1419.800,0.044,0.043,2.086
1419.802,0.044,0.044,1.065
1419.803,0.044,0.044,0.008
1419.804,0.044,0.044,-1.452
1419.805,0.044,0.045,-2.084
1419.806,0.044,0.044,0.255
1419.807,0.044,0.044,1.535
1419.809,0.044,0.044,0.688
1419.810,0.044,0.044,0.774
1419.811,0.044,0.044,0.138
1419.812,0.043,0.044,-2.373
1419.813,0.044,0.044,-2.334
1419.814,0.044,0.044,-0.375
1419.816,0.044,0.044,-0.149
1419.817,0.044,0.044,-0.830
1419.818,0.044,0.044,-0.762
1419.819,0.044,0.044,0.211
1419.820,0.044,0.044,0.092
1419.821,0.043,0.044,-0.280
1419.823,0.043,0.044,-0.406
1419.824,0.044,0.044,-0.487
1419.825,0.044,0.044,-1.262
1419.826,0.044,0.044,-1.249
1419.827,0.044,0.044,-0.442
1419.829,0.044,0.044,-0.448
1419.830,0.044,0.044,-0.096
1419.831,0.044,0.044,0.670
1419.832,0.044,0.044,0.795
1419.833,0.044,0.044,0.055
1419.834,0.044,0.044,-1.538
1419.836,0.044,0.045,-2.613
1419.837,0.044,0.045,-3.578
1419.838,0.044,0.045,-3.543
1419.839,0.044,0.045,-1.400
1419.840,0.044,0.044,1.892
1419.841,0.044,0.044,1.314
1419.843,0.044,0.044,1.750
1419.844,0.044,0.044,2.482
1419.845,0.044,0.044,1.163
1419.846,0.044,0.044,-1.417
1419.847,0.044,0.044,-2.087
1419.848,0.044,0.044,-0.054
1419.850,0.044,0.044,2.667
1419.851,0.044,0.044,1.935
1419.852,0.044,0.044,-0.590
1419.853,0.044,0.044,-1.047
1419.854,0.044,0.044,0.146
1419.855,0.044,0.044,1.161
1419.857,0.044,0.044,1.814
1419.858,0.044,0.044,0.962
1419.859,0.044,0.044,-0.132
1419.860,0.044,0.044,-0.557
1419.861,0.044,0.044,-0.379
1419.862,0.044,0.044,0.642
1419.864,0.044,0.044,1.124
1419.865,0.044,0.044,-0.354
1419.866,0.044,0.044,-1.287
1419.867,0.044,0.044,-0.478
1419.868,0.044,0.044,-0.792
1419.870,0.044,0.044,-0.959
1419.871,0.044,0.044,-0.663
1419.872,0.044,0.044,-0.686
1419.873,0.044,0.044,-1.088
1419.874,0.044,0.045,-1.462
1419.875,0.044,0.045,-2.435
1419.877,0.044,0.045,-1.880
1419.878,0.044,0.044,-0.580
1419.879,0.044,0.044,-0.088
1419.880,0.044,0.044,0.406
1419.881,0.044,0.044,0.177
1419.882,0.044,0.045,-1.329
1419.884,0.044,0.045,-1.347
1419.885,0.044,0.044,0.058
1419.886,0.044,0.044,0.290
1419.887,0.044,0.045,-1.245
1419.888,0.044,0.045,-0.867
1419.889,0.044,0.044,0.371
1419.891,0.044,0.044,0.511
1419.892,0.044,0.044,0.046
1419.893,0.044,0.044,-0.064
1419.894,0.044,0.044,0.091
1419.895,0.044,0.045,-0.040
1419.896,0.044,0.045,-0.894
1419.898,0.044,0.044,0.403
1419.899,0.044,0.044,1.319
1419.900,0.044,0.044,0.128
1419.901,0.044,0.045,-0.370
1419.902,0.044,0.045,0.189
1419.904,0.044,0.045,-0.101
1419.905,0.044,0.045,-2.430
1419.906,0.044,0.045,-2.288
1419.907,0.044,0.045,-0.225
1419.908,0.045,0.045,0.798
1419.909,0.045,0.045,1.235
1419.911,0.045,0.045,-0.458
1419.912,0.044,0.045,-1.089
1419.913,0.044,0.045,-0.360
1419.914,0.044,0.045,0.599
1419.915,0.044,0.045,-0.253
1419.916,0.044,0.045,-1.211
1419.918,0.045,0.045,-0.606
1419.919,0.045,0.045,-0.116
1419.920,0.045,0.045,0.624
1419.921,0.044,0.045,0.437
1419.922,0.044,0.045,0.252
1419.923,0.045,0.045,0.846
1419.925,0.045,0.045,0.776
1419.926,0.045,0.045,0.054
1419.927,0.045,0.045,-0.979
1419.928,0.045,0.045,-1.506
1419.929,0.045,0.045,-1.681
1419.930,0.045,0.045,-1.340
1419.932,0.045,0.046,-2.552
1419.933,0.045,0.046,-3.437
1419.934,0.045,0.046,-2.315
1419.935,0.045,0.045,-1.225
1419.936,0.045,0.045,-0.369
1419.938,0.045,0.045,0.699
1419.939,0.045,0.045,0.533
1419.940,0.045,0.045,-0.198
1419.941,0.045,0.045,-0.383
1419.942,0.045,0.045,-0.762
1419.943,0.045,0.046,-0.908
1419.945,0.045,0.045,0.526
1419.946,0.045,0.045,0.617
1419.947,0.045,0.046,-0.559
1419.948,0.045,0.046,-0.332
1419.949,0.045,0.046,-0.693
1419.950,0.045,0.046,-1.026
1419.952,0.045,0.046,-1.556
1419.953,0.045,0.046,-1.230
1419.954,0.045,0.046,-0.180
1419.955,0.045,0.046,-0.305
1419.956,0.045,0.046,-0.234
1419.957,0.045,0.046,0.300
1419.959,0.045,0.045,0.362
1419.960,0.045,0.045,0.696
1419.961,0.045,0.046,-0.242
1419.962,0.045,0.046,-1.642
1419.963,0.045,0.046,-1.157
1419.964,0.045,0.046,-0.910
1419.966,0.045,0.046,-1.400
1419.967,0.045,0.046,-0.647
1419.968,0.045,0.046,0.496
1419.969,0.046,0.046,1.034
1419.970,0.046,0.046,0.629
1419.971,0.046,0.046,-0.246
1419.973,0.046,0.046,0.542
1419.974,0.046,0.046,0.240
1419.975,0.046,0.046,0.003
1419.976,0.046,0.046,0.401
1419.977,0.046,0.046,0.218
1419.979,0.046,0.046,-0.733
1419.980,0.046,0.046,0.472
1419.981,0.046,0.046,1.069
1419.982,0.046,0.046,1.112
1419.983,0.046,0.046,1.191
1419.984,0.046,0.046,0.905
1419.986,0.046,0.046,-0.585
1419.987,0.046,0.046,-0.921
1419.988,0.046,0.046,-0.661
1419.989,0.046,0.046,-1.077
1419.990,0.046,0.046,-1.162
1419.991,0.046,0.046,-1.023
1419.993,0.046,0.046,-0.811
1419.994,0.046,0.046,-0.004
1419.995,0.046,0.046,1.305
1419.996,0.046,0.046,0.857
1419.997,0.046,0.047,-1.046
1419.998,0.046,0.047,-2.116
1420.000,0.046,0.047,-1.308
1420.001,0.046,0.047,-0.808
1420.002,0.046,0.047,-0.765
1420.003,0.046,0.047,-0.227
1420.004,0.046,0.047,-0.559
1420.005,0.046,0.047,-0.566
1420.007,0.046,0.047,-0.144
1420.008,0.046,0.047,0.164
1420.009,0.046,0.047,0.964
1420.010,0.046,0.046,1.192
1420.011,0.046,0.047,0.534
1420.013,0.046,0.047,-0.383
1420.014,0.046,0.046,1.541
1420.015,0.046,0.046,1.964
1420.016,0.046,0.046,1.276
1420.017,0.047,0.047,0.892
1420.018,0.047,0.047,0.114
1420.020,0.047,0.047,-0.721
1420.021,0.047,0.047,-0.008
1420.022,0.047,0.047,0.340
1420.023,0.047,0.047,-0.784
1420.024,0.047,0.047,-1.100
1420.025,0.047,0.047,0.637
1420.027,0.047,0.047,1.526
1420.028,0.047,0.047,0.538
1420.029,0.047,0.047,-0.394
1420.030,0.047,0.047,-0.198
1420.031,0.047,0.047,0.981
1420.032,0.047,0.047,1.925
1420.034,0.047,0.047,0.707
1420.035,0.047,0.047,-0.514
1420.036,0.047,0.047,-0.995
1420.037,0.047,0.048,-1.598
1420.038,0.047,0.047,-0.503
1420.039,0.047,0.048,-0.909
1420.041,0.047,0.048,-1.288
1420.042,0.047,0.048,-1.129
1420.043,0.047,0.047,0.132
1420.044,0.047,0.047,1.359
1420.045,0.047,0.047,1.108
1420.046,0.047,0.047,0.788
1420.048,0.047,0.047,-0.576
1420.049,0.047,0.048,-1.355
1420.050,0.047,0.048,-2.415
1420.051,0.047,0.048,-1.970
1420.052,0.047,0.048,-1.138
1420.054,0.047,0.048,-0.779
1420.055,0.047,0.048,-0.601
1420.056,0.047,0.048,-0.528
1420.057,0.047,0.048,-0.735
1420.058,0.047,0.047,-0.418
1420.059,0.047,0.047,0.191
1420.061,0.047,0.047,0.750
1420.062,0.047,0.048,0.456
1420.063,0.047,0.048,-0.594
1420.064,0.047,0.048,-1.156
1420.065,0.047,0.048,-0.547
1420.066,0.047,0.048,-1.018
1420.068,0.047,0.048,-0.750
1420.069,0.047,0.048,-0.155
1420.070,0.047,0.048,0.053
1420.071,0.048,0.048,-0.038
1420.072,0.048,0.048,-0.945
1420.073,0.048,0.048,-2.256
1420.075,0.047,0.048,-1.411
1420.076,0.047,0.048,0.142
1420.077,0.047,0.048,0.859
1420.078,0.048,0.048,-1.301
1420.079,0.048,0.049,-3.047
1420.080,0.048,0.049,-1.548
1420.082,0.048,0.048,-0.822
1420.083,0.048,0.048,-0.382
1420.084,0.048,0.048,-0.088
1420.085,0.048,0.048,-0.541
1420.086,0.048,0.048,-1.120
1420.087,0.048,0.048,-0.925
1420.089,0.048,0.048,-1.430
1420.090,0.048,0.048,-0.361
1420.091,0.048,0.048,1.179
1420.092,0.048,0.048,0.401
1420.093,0.048,0.048,0.155
1420.095,0.048,0.048,1.313
1420.096,0.048,0.048,1.986
1420.097,0.048,0.048,1.571
1420.098,0.048,0.048,0.175
1420.099,0.048,0.048,-0.965
1420.100,0.048,0.049,-1.203
1420.102,0.048,0.048,-0.472
1420.103,0.048,0.048,-0.759
1420.104,0.048,0.048,-0.791
1420.105,0.048,0.048,-0.474
1420.106,0.048,0.048,0.158
1420.107,0.048,0.048,0.906
1420.109,0.048,0.048,0.694
1420.110,0.048,0.049,-1.828
1420.111,0.048,0.049,-3.270
1420.112,0.048,0.049,-0.565
1420.113,0.048,0.048,1.341
1420.114,0.048,0.048,1.550
1420.116,0.048,0.048,0.932
1420.117,0.048,0.049,0.478
1420.118,0.048,0.048,0.717
1420.119,0.048,0.048,0.929
1420.120,0.048,0.048,1.001
1420.121,0.048,0.049,0.049
1420.123,0.048,0.049,-0.663
1420.124,0.048,0.048,0.772
1420.125,0.048,0.048,2.050
1420.126,0.048,0.048,1.637
1420.127,0.048,0.048,1.163
1420.129,0.048,0.048,1.348
1420.130,0.048,0.049,0.872
1420.131,0.048,0.049,-0.862
1420.132,0.048,0.049,-2.952
1420.133,0.048,0.049,-2.986
1420.134,0.048,0.049,-1.091
1420.136,0.048,0.049,-0.840
1420.137,0.048,0.049,-0.779
1420.138,0.048,0.049,1.396
1420.139,0.048,0.048,1.564
1420.140,0.048,0.049,0.932
1420.141,0.048,0.049,0.706
1420.143,0.048,0.049,-0.431
1420.144,0.048,0.049,-2.011
1420.145,0.048,0.049,-1.485
1420.146,0.048,0.049,-1.065
1420.147,0.049,0.049,-0.268
1420.148,0.049,0.049,1.352
1420.150,0.048,0.049,0.139
1420.151,0.048,0.049,-0.673
1420.152,0.048,0.049,0.399
1420.153,0.049,0.049,1.757
1420.154,0.049,0.049,1.348
1420.155,0.049,0.049,0.967
1420.157,0.048,0.049,1.131
1420.158,0.049,0.049,0.224
1420.159,0.049,0.049,-1.227
1420.160,0.049,0.049,-1.432
1420.161,0.049,0.049,-0.589
1420.162,0.049,0.049,0.114
1420.164,0.049,0.049,0.723
1420.165,0.049,0.049,0.804
1420.166,0.049,0.049,0.512
1420.167,0.049,0.049,0.466
1420.168,0.049,0.049,0.122
1420.170,0.049,0.049,-0.924
1420.171,0.049,0.050,-2.299
1420.172,0.049,0.050,-3.853
1420.173,0.049,0.049,-0.951
1420.174,0.049,0.049,2.159
1420.175,0.049,0.049,3.092
1420.177,0.049,0.049,3.197
1420.178,0.049,0.049,2.215
1420.179,0.049,0.049,1.288
1420.180,0.049,0.049,1.420
1420.181,0.049,0.049,2.976
1420.182,0.049,0.049,3.013
1420.184,0.049,0.049,2.154
1420.185,0.049,0.049,4.164
1420.186,0.049,0.048,5.205
1420.187,0.049,0.048,5.145
1420.188,0.049,0.048,6.048
1420.189,0.049,0.048,5.929
1420.191,0.049,0.049,4.645
1420.192,0.049,0.049,3.212
1420.193,0.049,0.049,2.428
1420.194,0.049,0.049,2.087
1420.195,0.049,0.049,3.288
1420.196,0.049,0.049,5.240
1420.198,0.050,0.049,5.103
1420.199,0.050,0.049,4.075
1420.200,0.050,0.049,4.524
1420.201,0.050,0.049,5.094
1420.202,0.050,0.049,5.686
1420.204,0.050,0.049,5.338
1420.205,0.050,0.049,5.068
1420.206,0.050,0.049,5.417
1420.207,0.050,0.049,6.025
1420.208,0.050,0.049,6.294
1420.209,0.050,0.049,8.116
1420.211,0.050,0.048,9.189
1420.212,0.050,0.049,8.078
1420.213,0.050,0.049,8.225
1420.214,0.050,0.049,9.289
1420.215,0.051,0.049,8.229
1420.216,0.051,0.049,8.454
1420.218,0.051,0.049,9.280
1420.219,0.051,0.049,9.168
1420.220,0.050,0.049,9.005
1420.221,0.050,0.049,8.443
1420.222,0.051,0.049,8.661
1420.223,0.051,0.049,9.433
1420.225,0.051,0.048,11.153
1420.226,0.051,0.049,10.757
1420.227,0.051,0.049,10.141
1420.228,0.051,0.049,9.621
1420.229,0.051,0.049,8.353
1420.230,0.050,0.049,8.501
1420.232,0.050,0.049,7.455
1420.233,0.050,0.049,6.193
1420.234,0.050,0.049,7.908
1420.235,0.050,0.049,9.197
1420.236,0.050,0.048,9.220
1420.237,0.050,0.048,10.175
1420.239,0.050,0.048,10.299
1420.240,0.050,0.049,8.433
1420.241,0.050,0.049,7.060
1420.242,0.050,0.049,7.207
1420.243,0.050,0.049,7.653
1420.245,0.050,0.048,8.180
1420.246,0.050,0.048,8.429
1420.247,0.050,0.049,7.470
1420.248,0.050,0.049,5.785
1420.249,0.050,0.049,5.890
1420.250,0.050,0.048,6.971
1420.252,0.050,0.048,6.290
1420.253,0.049,0.049,5.324
1420.254,0.049,0.048,5.792
1420.255,0.049,0.048,6.130
1420.256,0.049,0.049,5.342
1420.257,0.049,0.048,5.973
1420.259,0.049,0.048,6.464
1420.260,0.049,0.049,4.396
1420.261,0.049,0.049,4.457
1420.262,0.049,0.048,6.183
1420.263,0.049,0.048,4.739
1420.264,0.049,0.048,4.483
1420.266,0.049,0.048,4.536
1420.267,0.049,0.048,4.194
1420.268,0.049,0.048,4.697
1420.269,0.049,0.048,3.713
1420.270,0.049,0.048,3.998
1420.271,0.049,0.048,4.427
1420.273,0.049,0.048,3.576
1420.274,0.049,0.048,3.220
1420.275,0.049,0.048,3.990
1420.276,0.049,0.048,6.225
1420.277,0.049,0.048,6.258
1420.279,0.049,0.048,4.926
1420.280,0.049,0.048,3.361
1420.281,0.048,0.048,3.287
1420.282,0.048,0.048,3.337
1420.283,0.048,0.048,1.635
1420.284,0.048,0.048,1.850
1420.286,0.048,0.048,4.020
1420.287,0.048,0.048,4.014
1420.288,0.048,0.048,3.541
1420.289,0.048,0.048,3.064
1420.290,0.048,0.048,1.883
1420.291,0.048,0.048,1.748
1420.293,0.048,0.048,1.158
1420.294,0.048,0.049,-0.200
1420.295,0.048,0.048,1.299
1420.296,0.048,0.048,1.695
1420.297,0.048,0.048,1.573
1420.298,0.048,0.048,0.924
1420.300,0.048,0.048,1.111
1420.301,0.048,0.048,2.653
1420.302,0.048,0.048,2.703
1420.303,0.048,0.048,2.690
1420.304,0.048,0.048,2.960
1420.305,0.048,0.048,2.454
1420.307,0.048,0.048,1.976
1420.308,0.048,0.048,2.508
1420.309,0.048,0.047,3.916
1420.310,0.048,0.047,4.309
1420.311,0.048,0.047,4.710
1420.312,0.048,0.047,4.754
1420.314,0.048,0.047,3.295
1420.315,0.048,0.047,2.404
1420.316,0.048,0.047,3.742
1420.317,0.048,0.047,3.538
1420.318,0.048,0.048,1.500
1420.320,0.048,0.048,0.887
1420.321,0.047,0.048,1.261
1420.322,0.047,0.047,2.276
1420.323,0.047,0.047,2.678
1420.324,0.047,0.047,2.819
1420.325,0.047,0.047,3.783
1420.327,0.047,0.047,4.340
1420.328,0.047,0.047,3.712
1420.329,0.047,0.047,2.885
1420.330,0.047,0.047,2.183
1420.331,0.047,0.047,1.425
1420.332,0.047,0.047,0.810
1420.334,0.047,0.047,1.683
1420.335,0.047,0.047,1.942
1420.336,0.047,0.047,2.692
1420.337,0.047,0.047,3.046
1420.338,0.047,0.047,2.114
1420.339,0.047,0.047,1.202
1420.341,0.047,0.047,0.300
1420.342,0.047,0.047,0.730
1420.343,0.047,0.047,0.853
1420.344,0.047,0.047,2.421
1420.345,0.047,0.046,4.466
1420.346,0.047,0.047,3.855
1420.348,0.047,0.047,2.443
1420.349,0.047,0.047,0.477
1420.350,0.047,0.047,0.708
1420.351,0.047,0.047,2.140
1420.352,0.047,0.047,2.431
1420.354,0.047,0.047,0.413
1420.355,0.047,0.047,-1.204
1420.356,0.047,0.047,-0.032
1420.357,0.047,0.047,0.366
1420.358,0.047,0.047,0.892
1420.359,0.047,0.047,1.460
1420.361,0.047,0.046,2.713
1420.362,0.047,0.046,3.572
1420.363,0.046,0.046,2.365
1420.364,0.046,0.046,2.149
1420.365,0.046,0.046,0.851
1420.366,0.046,0.046,0.473
1420.368,0.046,0.046,1.231
1420.369,0.046,0.046,2.069
1420.370,0.046,0.046,2.702
1420.371,0.046,0.046,2.667
1420.372,0.046,0.046,2.592
1420.373,0.046,0.046,1.860
1420.375,0.046,0.046,0.994
1420.376,0.046,0.046,0.542
1420.377,0.046,0.046,0.757
1420.378,0.046,0.046,1.005
1420.379,0.046,0.046,0.402
1420.380,0.046,0.046,0.022
1420.382,0.046,0.046,1.565
1420.383,0.046,0.046,1.368
1420.384,0.046,0.046,1.104
1420.385,0.046,0.046,1.161
1420.386,0.046,0.046,0.309
1420.388,0.046,0.046,0.370
1420.389,0.046,0.046,1.660
1420.390,0.046,0.046,2.034
1420.391,0.046,0.046,0.859
1420.392,0.046,0.046,1.619
1420.393,0.046,0.045,2.638
1420.395,0.046,0.045,2.198
1420.396,0.045,0.046,1.540
1420.397,0.046,0.046,2.208
1420.398,0.046,0.045,3.471
1420.399,0.046,0.045,2.497
1420.400,0.045,0.046,0.847
1420.402,0.045,0.046,-0.653
1420.403,0.045,0.046,-0.649
1420.404,0.045,0.045,0.823
1420.405,0.045,0.045,1.150
1420.406,0.045,0.045,0.555
1420.407,0.045,0.045,0.718
1420.409,0.045,0.045,0.610
1420.410,0.045,0.045,0.002
1420.411,0.045,0.045,0.809
1420.412,0.045,0.045,1.340
1420.413,0.045,0.045,-0.020
1420.414,0.045,0.045,0.572
1420.416,0.045,0.045,0.929
1420.417,0.045,0.045,2.082
1420.418,0.045,0.045,2.552
1420.419,0.045,0.045,2.128
1420.420,0.045,0.045,1.866
1420.421,0.045,0.045,1.810
1420.423,0.045,0.045,1.596
1420.424,0.045,0.045,0.720
1420.425,0.045,0.045,0.780
1420.426,0.045,0.045,0.223
1420.427,0.045,0.045,0.701
1420.429,0.045,0.045,1.719
1420.430,0.045,0.045,1.119
1420.431,0.045,0.045,1.308
1420.432,0.045,0.045,1.034
1420.433,0.044,0.044,1.652
1420.434,0.044,0.044,1.919
1420.436,0.044,0.045,0.788
1420.437,0.044,0.045,-0.600
1420.438,0.044,0.045,-1.892
1420.439,0.044,0.045,-3.311
1420.440,0.044,0.045,-1.784
1420.441,0.044,0.045,-0.508
1420.443,0.044,0.044,0.269
1420.444,0.044,0.044,1.343
1420.445,0.044,0.044,0.730
1420.446,0.044,0.045,-1.056
1420.447,0.044,0.045,-0.981
1420.448,0.044,0.044,0.122
1420.450,0.044,0.044,0.937
1420.451,0.044,0.044,0.681
1420.452,0.044,0.044,-0.538
1420.453,0.044,0.044,-0.452
1420.454,0.044,0.044,0.459
1420.455,0.044,0.044,1.177
1420.457,0.044,0.044,0.719
1420.458,0.044,0.044,-0.838
1420.459,0.044,0.044,-0.207
1420.460,0.044,0.044,-0.106
1420.461,0.044,0.044,0.295
1420.462,0.044,0.044,1.095
1420.464,0.044,0.044,-0.049
1420.465,0.044,0.044,-2.517
1420.466,0.044,0.044,-1.087
1420.467,0.044,0.044,1.000
1420.468,0.044,0.044,1.081
1420.470,0.044,0.044,0.447
1420.471,0.044,0.044,0.175
1420.472,0.044,0.044,0.886
1420.473,0.044,0.044,0.551
1420.474,0.044,0.044,0.112
1420.475,0.043,0.044,0.219
1420.477,0.043,0.044,0.487
1420.478,0.043,0.044,-0.233
1420.479,0.043,0.044,-1.645
1420.480,0.043,0.044,-1.014
1420.481,0.043,0.044,-0.419
1420.482,0.043,0.044,-1.028
1420.484,0.043,0.044,-0.504
1420.485,0.043,0.044,-0.362
1420.486,0.043,0.044,-0.954
1420.487,0.043,0.043,0.225
1420.488,0.043,0.043,1.990
1420.489,0.043,0.043,2.539
1420.491,0.043,0.043,1.868
1420.492,0.043,0.043,1.721
1420.493,0.043,0.043,2.438
1420.494,0.043,0.043,1.872
1420.495,0.043,0.043,0.171
1420.496,0.043,0.043,-0.668
1420.498,0.043,0.043,-0.086
1420.499,0.043,0.043,-0.188
1420.500,0.043,0.043,0.078
1420.501,0.043,0.043,0.381
1420.502,0.043,0.043,-0.233
1420.504,0.043,0.043,0.154
1420.505,0.043,0.043,1.560
1420.506,0.043,0.043,1.323
1420.507,0.043,0.043,0.477
1420.508,0.043,0.043,-0.624
1420.509,0.043,0.043,-1.587
1420.511,0.043,0.043,-1.379
1420.512,0.043,0.043,1.535
1420.513,0.043,0.043,2.699
1420.514,0.043,0.043,1.519
1420.515,0.043,0.043,-0.637
1420.516,0.043,0.043,-2.246
1420.518,0.043,0.043,-1.046
1420.519,0.043,0.043,0.893
1420.520,0.043,0.043,2.668
1420.521,0.043,0.043,2.331
1420.522,0.043,0.043,1.518
1420.523,0.042,0.043,1.110
1420.525,0.042,0.043,0.097
1420.526,0.042,0.043,-0.363
1420.527,0.042,0.043,0.112
1420.528,0.042,0.043,-0.415
1420.529,0.042,0.043,-2.045
1420.530,0.042,0.043,-1.726
1420.532,0.042,0.043,-0.917
1420.533,0.042,0.043,-1.068
1420.534,0.042,0.043,-1.807
1420.535,0.042,0.043,-1.243
1420.536,0.042,0.043,-0.604
1420.537,0.042,0.043,-0.906
1420.539,0.042,0.043,-1.798
1420.540,0.042,0.043,-1.409
1420.541,0.042,0.043,0.142
1420.542,0.042,0.043,-0.742
1420.543,0.042,0.043,-1.998
1420.545,0.042,0.043,-1.590
1420.546,0.042,0.043,-0.873
1420.547,0.042,0.043,-0.354
1420.548,0.042,0.043,-0.041
1420.549,0.042,0.043,-0.670
1420.550,0.042,0.043,-1.142
1420.552,0.042,0.043,-0.410
1420.553,0.042,0.042,-0.066
1420.554,0.042,0.042,-0.093
1420.555,0.042,0.042,-0.359
1420.556,0.042,0.042,-0.474
1420.557,0.042,0.043,-0.509
1420.559,0.042,0.043,0.733
1420.560,0.043,0.043,1.845
1420.561,0.042,0.043,-0.329
1420.562,0.042,0.042,0.102
1420.563,0.042,0.042,1.529
1420.564,0.042,0.042,0.948
1420.566,0.042,0.042,0.729
1420.567,0.042,0.042,-0.366
1420.568,0.042,0.043,-2.416
1420.569,0.042,0.043,-2.255
1420.570,0.042,0.042,-0.350
1420.571,0.042,0.043,-0.896
1420.573,0.042,0.043,-0.958
1420.574,0.042,0.043,-0.946
1420.575,0.042,0.042,-0.545
1420.576,0.042,0.043,-0.840
1420.577,0.042,0.043,-0.794
1420.579,0.042,0.042,-0.220
1420.580,0.042,0.042,0.241
1420.581,0.042,0.042,0.370
1420.582,0.042,0.042,-0.018
1420.583,0.042,0.042,-0.234
1420.584,0.042,0.043,-1.194
1420.586,0.042,0.043,-1.616
1420.587,0.042,0.043,-1.893
1420.588,0.042,0.043,-1.398
1420.589,0.042,0.042,-0.509
1420.590,0.042,0.042,-0.702
1420.591,0.042,0.042,-0.695
1420.593,0.042,0.042,0.049
1420.594,0.042,0.042,0.566
1420.595,0.042,0.042,0.682
1420.596,0.042,0.042,0.340
1420.597,0.042,0.042,-0.186
1420.598,0.042,0.043,-2.088
1420.600,0.042,0.043,-3.022
1420.601,0.042,0.042,-1.469
1420.602,0.042,0.042,-1.506
1420.603,0.042,0.043,-2.540
1420.604,0.042,0.043,-1.796
1420.605,0.042,0.042,-0.737
1420.607,0.042,0.042,-0.019
1420.608,0.042,0.042,0.311
1420.609,0.042,0.042,0.388
1420.610,0.042,0.042,0.323
1420.611,0.042,0.042,-0.142
1420.612,0.042,0.042,-0.303
1420.614,0.042,0.042,0.223
1420.615,0.042,0.042,-0.287
1420.616,0.042,0.043,-1.583
1420.617,0.042,0.042,-0.986
1420.618,0.042,0.042,-0.733
1420.620,0.042,0.042,-0.517
1420.621,0.042,0.043,-0.778
1420.622,0.042,0.043,-2.011
1420.623,0.042,0.042,-0.324
1420.624,0.042,0.042,0.904
1420.625,0.042,0.042,0.617
1420.627,0.042,0.043,-0.635
1420.628,0.042,0.043,-1.123
1420.629,0.042,0.043,-1.262
1420.630,0.042,0.042,-0.572
1420.631,0.042,0.042,-0.117
1420.632,0.042,0.042,-0.062
1420.634,0.042,0.042,-0.351
1420.635,0.042,0.042,-0.794
1420.636,0.042,0.043,-1.619
1420.637,0.042,0.043,-1.968
1420.638,0.042,0.043,-1.706
1420.639,0.042,0.042,-0.393
1420.641,0.042,0.042,0.851
1420.642,0.042,0.042,-0.212
1420.643,0.042,0.043,-1.536
1420.644,0.042,0.043,-1.847
1420.645,0.042,0.043,-1.673
1420.646,0.042,0.043,-1.931
1420.648,0.042,0.043,-2.205
1420.649,0.042,0.043,-1.373
1420.650,0.042,0.043,-1.114
1420.651,0.042,0.043,-1.287
1420.652,0.042,0.043,-0.507
1420.654,0.042,0.042,1.574
1420.655,0.042,0.042,1.138
1420.656,0.042,0.043,-0.625
1420.657,0.042,0.043,-1.337
1420.658,0.042,0.043,-1.377
1420.659,0.042,0.043,-3.201
1420.661,0.042,0.043,-4.688
1420.662,0.042,0.043,-2.153
1420.663,0.042,0.043,-0.759
1420.664,0.042,0.043,-1.654
1420.665,0.042,0.043,-0.926
1420.666,0.042,0.043,-0.057
1420.668,0.042,0.043,-0.524
1420.669,0.042,0.043,-0.757
1420.670,0.042,0.043,-2.255
1420.671,0.042,0.043,-2.452
1420.672,0.042,0.043,-1.283
1420.673,0.042,0.043,-0.546
1420.675,0.042,0.043,0.039
1420.676,0.042,0.042,1.386
1420.677,0.042,0.042,2.072
1420.678,0.042,0.043,-1.253
1420.679,0.042,0.044,-4.824
1420.680,0.042,0.043,-3.695
1420.682,0.042,0.043,-2.375
1420.683,0.042,0.043,-1.209
1420.684,0.042,0.043,-0.987
1420.685,0.042,0.043,-1.457
1420.686,0.043,0.043,-0.583
1420.688,0.043,0.043,-0.772
1420.689,0.043,0.043,-1.876
1420.690,0.043,0.043,-1.987
1420.691,0.043,0.043,-2.446
1420.692,0.042,0.043,-1.853
1420.693,0.042,0.043,-1.046
1420.695,0.043,0.043,-1.774
1420.696,0.043,0.043,-2.333
1420.697,0.043,0.043,-1.646
1420.698,0.043,0.043,-1.254
1420.699,0.043,0.043,-1.569
1420.700,0.043,0.043,-1.553
1420.702,0.043,0.043,-1.387
1420.703,0.043,0.043,-1.622
1420.704,0.043,0.043,-0.044
1420.705,0.043,0.043,0.329
1420.706,0.043,0.043,-0.174
1420.707,0.043,0.043,-1.244
1420.709,0.043,0.043,-1.580
1420.710,0.043,0.043,-1.445
1420.711,0.043,0.043,-0.859
1420.712,0.043,0.043,-0.916
1420.713,0.043,0.044,-0.917
1420.714,0.043,0.044,-0.870
1420.716,0.043,0.044,-1.907
1420.717,0.043,0.044,-3.305
1420.718,0.043,0.044,-3.332
1420.719,0.043,0.044,-1.192
1420.720,0.043,0.044,-1.544
1420.721,0.043,0.044,-2.901
1420.723,0.043,0.044,-0.543
1420.724,0.043,0.043,0.348
1420.725,0.043,0.044,-0.412
1420.726,0.043,0.044,-0.779
1420.727,0.043,0.044,-1.830
1420.729,0.043,0.044,-0.656
1420.730,0.043,0.044,0.058
1420.731,0.043,0.044,-2.197
1420.732,0.043,0.044,-2.151
1420.733,0.043,0.044,-1.919
1420.734,0.043,0.044,-2.632
1420.736,0.043,0.044,-3.652
1420.737,0.043,0.044,-3.717
1420.738,0.043,0.044,-1.300
1420.739,0.043,0.044,0.400
1420.740,0.043,0.044,-0.452
1420.741,0.043,0.044,-1.507
1420.743,0.044,0.044,-0.945
1420.744,0.044,0.044,-0.497
1420.745,0.043,0.044,-0.862
1420.746,0.043,0.044,-2.084
1420.747,0.044,0.044,-1.425
1420.748,0.044,0.044,0.638
1420.750,0.044,0.044,2.204
1420.751,0.044,0.044,1.083
1420.752,0.044,0.044,0.242
1420.753,0.044,0.044,-0.505
1420.754,0.044,0.044,-1.785
1420.755,0.044,0.045,-2.109
1420.757,0.044,0.044,-1.019
1420.758,0.044,0.044,0.081
1420.759,0.044,0.044,-0.781
1420.760,0.044,0.044,-0.897
1420.761,0.044,0.044,-0.879
1420.763,0.044,0.044,-0.983
1420.764,0.044,0.044,-0.593
1420.765,0.044,0.045,-0.875
1420.766,0.044,0.045,-1.200
1420.767,0.044,0.045,-1.360
1420.768,0.044,0.045,-1.410
1420.770,0.044,0.045,-1.470
1420.771,0.044,0.045,-0.792
1420.772,0.044,0.045,-1.942
1420.773,0.044,0.045,-2.912
1420.774,0.044,0.045,-2.858
1420.775,0.044,0.045,-0.920
1420.777,0.044,0.045,-0.328
1420.778,0.044,0.045,-0.989
1420.779,0.044,0.045,-1.454
1420.780,0.044,0.045,-1.453
1420.781,0.044,0.045,-1.586
1420.782,0.044,0.045,-2.950
1420.784,0.044,0.045,-2.517
1420.785,0.045,0.045,-1.671
1420.786,0.045,0.045,-1.308
1420.787,0.044,0.045,-1.689
1420.788,0.044,0.045,-3.200
1420.789,0.044,0.045,-2.374
1420.791,0.045,0.045,-1.575
1420.792,0.045,0.045,-1.372
1420.793,0.045,0.045,-1.401
1420.794,0.045,0.045,-0.276
1420.795,0.045,0.045,1.459
1420.796,0.045,0.045,1.176
1420.798,0.045,0.045,1.027
1420.799,0.046,0.045,4.011
1420.800,0.047,0.046,5.923
1420.801,0.046,0.046,1.367
1420.802,0.045,0.045,0.337
1420.804,0.045,0.045,0.105
1420.805,0.045,0.045,-0.914
1420.806,0.045,0.046,-2.005
1420.807,0.045,0.046,-1.866
1420.808,0.045,0.046,-1.869
1420.809,0.045,0.046,-1.585
1420.811,0.045,0.045,-0.742
1420.812,0.045,0.046,-0.785
1420.813,0.045,0.046,-1.124
1420.814,0.045,0.046,-1.625
1420.815,0.045,0.046,-1.005
1420.816,0.045,0.046,-1.019
1420.818,0.045,0.046,-1.865
1420.819,0.045,0.046,-2.159
1420.820,0.045,0.046,-1.713
1420.821,0.045,0.046,0.233
1420.822,0.045,0.045,1.386
1420.823,0.045,0.046,0.307
1420.825,0.045,0.046,-0.545
1420.826,0.046,0.046,-0.175
1420.827,0.045,0.046,-0.509
1420.828,0.045,0.046,-2.020
1420.829,0.045,0.047,-3.390
1420.830,0.045,0.046,-2.725
1420.832,0.045,0.046,-2.593
1420.833,0.046,0.046,-1.161
1420.834,0.046,0.046,-0.055
1420.835,0.046,0.046,-0.445
1420.836,0.046,0.046,-1.501
1420.837,0.046,0.046,-1.256
1420.839,0.046,0.046,-0.605
1420.840,0.046,0.046,-0.030
1420.841,0.046,0.046,-0.636
1420.842,0.046,0.047,-2.211
1420.843,0.046,0.047,-2.729
1420.845,0.046,0.047,-1.116
1420.846,0.046,0.047,-1.921
1420.847,0.046,0.047,-2.541
1420.848,0.046,0.047,-1.387
1420.849,0.046,0.047,-0.545
1420.850,0.046,0.046,0.704
1420.852,0.046,0.046,1.143
1420.853,0.046,0.047,-0.830
1420.854,0.046,0.047,-1.736
1420.855,0.046,0.047,-1.090
1420.856,0.046,0.047,-1.568
1420.857,0.046,0.047,-1.868
1420.859,0.046,0.047,-1.098
1420.860,0.046,0.047,-1.630
1420.861,0.046,0.047,-1.597
1420.862,0.046,0.047,-1.557
1420.863,0.046,0.047,-2.257
1420.864,0.046,0.047,-2.549
1420.866,0.046,0.047,-1.959
1420.867,0.046,0.047,-2.132
1420.868,0.046,0.047,-2.198
1420.869,0.046,0.047,-1.730
1420.870,0.046,0.047,-1.118
1420.871,0.046,0.047,-0.866
1420.873,0.046,0.047,-0.133
1420.874,0.046,0.047,-0.490
1420.875,0.046,0.047,0.074
1420.876,0.046,0.047,0.092
1420.877,0.046,0.047,-0.473
1420.879,0.046,0.047,-0.302
1420.880,0.046,0.047,-0.159
1420.881,0.046,0.047,0.120
1420.882,0.047,0.047,-1.003
1420.883,0.047,0.047,-1.877
1420.884,0.047,0.047,-0.763
1420.886,0.047,0.047,-0.378
1420.887,0.047,0.047,0.604
1420.888,0.047,0.047,-0.196
1420.889,0.047,0.047,-1.751
1420.890,0.047,0.047,-2.349
1420.891,0.047,0.047,-2.140
1420.893,0.047,0.047,-0.363
1420.894,0.047,0.047,-0.588
1420.895,0.047,0.047,-1.130
1420.896,0.047,0.047,-0.730
1420.897,0.047,0.047,-0.818
1420.898,0.047,0.047,-0.785
1420.900,0.047,0.047,-0.737
1420.901,0.047,0.047,-0.826
1420.902,0.047,0.047,0.255
1420.903,0.047,0.047,0.164
1420.904,0.047,0.047,-0.483
1420.905,0.047,0.047,-0.798
1420.907,0.047,0.047,-1.352
1420.908,0.047,0.047,-1.718
1420.909,0.047,0.048,-2.553
1420.910,0.047,0.047,-1.903
1420.911,0.047,0.047,-1.190
1420.912,0.047,0.047,-1.391
1420.914,0.047,0.048,-1.745
1420.915,0.047,0.047,-1.334
1420.916,0.047,0.047,-0.526
1420.917,0.047,0.047,0.670
1420.918,0.047,0.047,-0.849
1420.920,0.047,0.048,-2.516
1420.921,0.047,0.047,-0.473
1420.922,0.047,0.047,-0.746
1420.923,0.047,0.048,-1.830
1420.924,0.047,0.047,-0.882
1420.925,0.047,0.047,-0.889
1420.927,0.047,0.047,-0.716
1420.928,0.047,0.047,-0.247
1420.929,0.047,0.048,-1.295
1420.930,0.047,0.048,-1.688
1420.931,0.047,0.047,-1.423
1420.932,0.047,0.048,-1.772
1420.934,0.047,0.048,-1.408
1420.935,0.047,0.047,-0.232
1420.936,0.047,0.047,0.378
1420.937,0.047,0.047,-0.643
1420.938,0.047,0.048,-2.931
1420.939,0.047,0.048,-2.292
1420.941,0.047,0.047,-0.573
1420.942,0.047,0.047,-0.217
1420.943,0.047,0.047,-0.336
1420.944,0.047,0.048,-1.776
1420.945,0.047,0.048,-2.295
1420.946,0.047,0.047,-0.409
1420.948,0.047,0.047,0.964
1420.949,0.047,0.047,0.278
1420.950,0.047,0.047,-0.788
1420.951,0.047,0.047,-1.305
1420.952,0.047,0.048,-2.425
1420.954,0.047,0.048,-4.036
1420.955,0.047,0.048,-3.215
1420.956,0.047,0.048,-2.250
1420.957,0.047,0.047,-1.954
1420.958,0.047,0.047,-2.094
1420.959,0.047,0.047,-1.494
1420.961,0.047,0.047,-0.864
1420.962,0.047,0.047,-1.144
1420.963,0.047,0.047,-0.783
1420.964,0.047,0.047,-0.921
1420.965,0.047,0.048,-1.961
1420.966,0.047,0.047,-0.798
1420.968,0.047,0.047,-0.812
1420.969,0.047,0.047,-0.538
1420.970,0.047,0.047,-1.103
1420.971,0.047,0.047,-1.254
1420.972,0.046,0.047,-1.863
1420.973,0.046,0.047,-2.382
1420.975,0.046,0.047,-1.941
1420.976,0.046,0.047,-2.646
1420.977,0.046,0.047,-2.755
1420.978,0.047,0.047,-0.585
1420.979,0.046,0.047,0.926
1420.980,0.046,0.046,0.722
1420.982,0.046,0.047,-0.903
1420.983,0.046,0.047,-1.476
1420.984,0.046,0.047,-0.810
1420.985,0.046,0.047,0.219
1420.986,0.046,0.046,1.328
1420.987,0.046,0.047,0.323
1420.989,0.046,0.047,-0.727
1420.990,0.046,0.047,-0.992
1420.991,0.046,0.047,-0.733
1420.992,0.046,0.046,0.967
1420.993,0.046,0.046,1.436
1420.995,0.046,0.046,0.332
1420.996,0.046,0.047,-1.724
1420.997,0.046,0.047,-2.002
1420.998,0.046,0.047,-2.060
1420.999,0.046,0.047,-2.008
1421.000,0.046,0.047,-2.250
1421.002,0.046,0.047,-3.921
1421.003,0.046,0.047,-4.095
1421.004,0.046,0.047,-2.259
1421.005,0.046,0.046,-0.997
1421.006,0.046,0.046,-1.570
1421.007,0.046,0.047,-2.340
1421.009,0.046,0.047,-2.455
1421.010,0.046,0.046,-1.441
1421.011,0.046,0.046,0.401
1421.012,0.046,0.046,1.117
1421.013,0.046,0.046,0.486
1421.014,0.045,0.046,-0.038
1421.016,0.045,0.046,-0.706
1421.017,0.045,0.046,-1.383
1421.018,0.045,0.046,-2.055
1421.019,0.045,0.046,-2.054
1421.020,0.045,0.046,0.016
1421.021,0.045,0.045,0.759
1421.023,0.045,0.046,-1.115
1421.024,0.045,0.046,-2.671
1421.025,0.045,0.046,-2.326
1421.026,0.045,0.046,-1.522
1421.027,0.045,0.045,-0.651
1421.029,0.045,0.045,-0.119
1421.030,0.045,0.045,-0.690
1421.031,0.045,0.045,-0.654
1421.032,0.045,0.045,-0.088
1421.033,0.045,0.045,-0.200
1421.034,0.045,0.045,-0.153
1421.036,0.045,0.045,-0.185
1421.037,0.045,0.045,-0.341
1421.038,0.045,0.045,0.525
1421.039,0.045,0.045,0.390
1421.040,0.045,0.045,0.469
1421.041,0.045,0.045,-0.610
1421.043,0.044,0.045,-0.267
1421.044,0.044,0.044,0.620
1421.045,0.044,0.044,0.206
1421.046,0.044,0.044,-0.262
1421.047,0.044,0.044,-0.580
1421.048,0.044,0.045,-1.090
1421.050,0.044,0.045,-1.981
1421.051,0.044,0.045,-2.024
1421.052,0.044,0.045,-2.489
1421.053,0.044,0.045,-2.874
1421.054,0.044,0.044,-1.283
1421.055,0.044,0.044,0.067
1421.057,0.044,0.044,-0.153
1421.058,0.044,0.044,-0.355
1421.059,0.043,0.044,0.223
1421.060,0.043,0.044,0.827
1421.061,0.043,0.044,-1.059
1421.062,0.043,0.044,-1.450
1421.064,0.043,0.044,-1.324
1421.065,0.043,0.044,-2.366
1421.066,0.043,0.044,-3.020
1421.067,0.043,0.044,-2.099
1421.068,0.043,0.043,-0.451
1421.070,0.043,0.043,0.237
1421.071,0.043,0.043,-1.177
1421.072,0.043,0.043,-1.164
1421.073,0.043,0.043,-0.287
1421.074,0.043,0.043,-0.452
1421.075,0.042,0.043,-1.542
1421.077,0.042,0.043,-1.878
1421.078,0.042,0.043,-1.348
1421.079,0.042,0.043,-1.640
1421.080,0.042,0.043,-2.635
1421.081,0.042,0.043,-2.258
1421.082,0.042,0.043,-1.928
1421.084,0.042,0.043,-1.741
1421.085,0.042,0.043,-2.286
1421.086,0.042,0.043,-1.691
1421.087,0.042,0.042,-0.178
1421.088,0.042,0.042,-1.367
1421.089,0.042,0.042,-2.339
1421.091,0.041,0.042,-2.545
1421.092,0.041,0.042,-3.275
1421.093,0.041,0.042,-2.447
1421.094,0.041,0.042,-1.814
1421.095,0.041,0.042,-1.364
1421.096,0.041,0.042,-1.703
1421.098,0.041,0.042,-2.490
1421.099,0.041,0.042,-1.284
1421.100,0.041,0.041,0.394
1421.101,0.041,0.041,0.445
1421.102,0.041,0.041,-1.241
1421.104,0.041,0.041,-2.859
1421.105,0.041,0.041,-3.168
1421.106,0.040,0.041,-1.933
1421.107,0.040,0.041,-0.472
1421.108,0.040,0.041,-0.236
1421.109,0.040,0.041,-0.441
1421.111,0.040,0.041,0.599
1421.112,0.040,0.040,0.856
1421.113,0.040,0.040,0.092
1421.114,0.040,0.040,-1.962
1421.115,0.040,0.041,-3.557
1421.116,0.040,0.040,-2.116
1421.118,0.040,0.040,-1.596
1421.119,0.040,0.040,-1.202
1421.120,0.040,0.040,0.353
1421.121,0.039,0.040,0.792
1421.122,0.039,0.040,-0.727
1421.123,0.039,0.040,-1.294
1421.125,0.039,0.039,-0.029
1421.126,0.039,0.039,0.811
1421.127,0.039,0.039,0.181
1421.128,0.039,0.039,-1.013
1421.129,0.039,0.039,-1.651
1421.130,0.039,0.039,-2.576
1421.132,0.039,0.039,-2.091
1421.133,0.038,0.039,-2.067
1421.134,0.038,0.039,-3.421
1421.135,0.038,0.039,-3.360
1421.136,0.038,0.039,-2.538
1421.138,0.038,0.038,-0.950
1421.139,0.038,0.038,-0.966
1421.140,0.038,0.038,-1.326
1421.141,0.038,0.038,-0.541
1421.142,0.038,0.038,-0.154
1421.143,0.038,0.038,0.250
1421.145,0.038,0.038,-0.455
1421.146,0.037,0.038,-1.762
1421.147,0.037,0.038,-1.035
1421.148,0.037,0.038,-0.816
1421.149,0.037,0.038,-2.702
1421.150,0.037,0.037,-1.734
1421.152,0.037,0.037,-1.132
1421.153,0.037,0.037,-2.155
1421.154,0.037,0.037,-3.003
1421.155,0.036,0.037,-3.301
1421.156,0.036,0.037,-2.667
1421.157,0.036,0.037,-1.751
1421.159,0.036,0.037,-1.870
1421.160,0.036,0.037,-2.165
1421.161,0.036,0.037,-1.431
1421.162,0.036,0.036,-0.796
1421.163,0.036,0.036,-0.322
1421.164,0.036,0.036,-1.043
1421.166,0.036,0.036,-0.676
1421.167,0.036,0.036,-0.229
1421.168,0.035,0.036,-1.180
1421.169,0.035,0.036,-1.075
1421.170,0.035,0.036,-1.258
1421.171,0.035,0.036,-1.403
1421.173,0.035,0.035,-0.852
1421.174,0.035,0.035,-0.949
1421.175,0.035,0.035,-0.433
1421.176,0.035,0.035,-0.176
1421.177,0.035,0.035,-0.512
1421.179,0.034,0.035,-0.712
1421.180,0.034,0.035,-1.365
1421.181,0.034,0.035,-0.952
1421.182,0.034,0.034,-0.760
1421.183,0.034,0.034,0.066
1421.184,0.034,0.034,0.870
1421.186,0.034,0.034,1.343
1421.187,0.034,0.034,1.046
1421.188,0.034,0.034,-0.665
1421.189,0.033,0.034,-0.814
1421.190,0.033,0.034,-0.656
1421.191,0.033,0.034,-0.671
1421.193,0.033,0.034,-1.019
1421.194,0.033,0.034,-1.522
1421.195,0.033,0.033,-0.418
1421.196,0.033,0.033,-0.199
1421.197,0.033,0.033,-1.543
1421.198,0.033,0.033,-1.508
1421.200,0.033,0.033,-0.904
1421.201,0.032,0.033,-1.154
1421.202,0.032,0.033,-1.065
1421.203,0.032,0.033,-1.104
1421.204,0.032,0.033,-1.658
1421.205,0.032,0.033,-2.563
1421.207,0.032,0.032,-1.095
1421.208,0.032,0.032,-0.270
1421.209,0.032,0.032,-0.961
1421.210,0.032,0.032,-1.898
1421.211,0.031,0.032,-1.111
1421.212,0.031,0.032,-0.977
1421.214,0.031,0.032,-0.656
1421.215,0.031,0.031,0.961
1421.216,0.031,0.031,0.363
1421.217,0.031,0.031,-0.903
1421.218,0.031,0.031,-0.716
1421.220,0.031,0.031,-0.671
1421.221,0.031,0.031,-0.849
1421.222,0.030,0.031,0.054
1421.223,0.030,0.031,-0.362
1421.224,0.030,0.031,-1.092
1421.225,0.030,0.031,-1.227
1421.227,0.030,0.030,-0.652
1421.228,0.030,0.030,-0.151
1421.229,0.030,0.030,-1.297
1421.230,0.030,0.030,-2.658
1421.231,0.030,0.030,-2.385
1421.232,0.029,0.030,-2.100
1421.234,0.029,0.030,-2.925
1421.235,0.029,0.030,-2.900
1421.236,0.029,0.030,-2.301
1421.237,0.029,0.029,-1.814
1421.238,0.029,0.029,-1.558
1421.239,0.029,0.029,-1.377
1421.241,0.029,0.029,-1.274
1421.242,0.029,0.029,-1.413
1421.243,0.029,0.029,-0.890
1421.244,0.028,0.029,0.183
1421.245,0.028,0.028,1.160
1421.246,0.028,0.028,0.322
1421.248,0.028,0.028,-0.739
1421.249,0.028,0.028,-0.540
1421.250,0.028,0.028,-0.570
1421.251,0.028,0.028,-1.182
1421.252,0.028,0.028,-1.921
1421.254,0.028,0.028,-2.085
1421.255,0.027,0.028,-1.495
1421.256,0.027,0.028,-0.379
1421.257,0.027,0.028,-0.235
1421.258,0.027,0.028,-1.549
1421.259,0.027,0.027,-1.383
1421.261,0.027,0.027,-0.800
1421.262,0.027,0.027,-0.161
1421.263,0.027,0.027,-0.059
1421.264,0.027,0.027,-0.965
1421.265,0.027,0.027,-2.149
1421.266,0.026,0.027,-2.449
1421.268,0.026,0.027,-2.208
1421.269,0.026,0.027,-1.229
1421.270,0.026,0.026,-1.269
1421.271,0.026,0.027,-2.187
1421.272,0.026,0.026,-2.260
1421.273,0.026,0.026,-1.379
1421.275,0.026,0.026,-0.319
1421.276,0.026,0.026,-0.463
1421.277,0.026,0.026,-1.564
1421.278,0.025,0.026,-2.440
1421.279,0.025,0.026,-1.865
1421.280,0.026,0.026,-1.013
1421.282,0.025,0.026,-0.900
1421.283,0.025,0.025,-0.377
1421.284,0.025,0.025,-0.728
1421.285,0.025,0.025,-1.205
1421.286,0.025,0.025,-1.572
1421.287,0.025,0.025,-1.095
1421.289,0.025,0.025,-0.665
1421.290,0.025,0.025,-0.979
1421.291,0.024,0.025,-2.067
1421.292,0.024,0.025,-2.666
1421.293,0.024,0.025,-1.433
1421.295,0.024,0.024,-0.791
1421.296,0.024,0.024,-2.106
1421.297,0.024,0.024,-1.547
1421.298,0.024,0.024,-0.560
1421.299,0.024,0.024,-0.569
1421.300,0.024,0.024,0.061
1421.302,0.024,0.024,0.625
1421.303,0.024,0.024,1.023
1421.304,0.023,0.024,1.190
1421.305,0.023,0.024,-0.090
1421.306,0.023,0.023,-0.653
1421.307,0.023,0.023,-0.371
1421.309,0.023,0.023,-0.625
1421.310,0.023,0.023,-2.024
1421.311,0.023,0.023,-1.978
1421.312,0.023,0.023,-1.695
1421.313,0.023,0.023,-1.508
1421.314,0.023,0.023,-0.283
1421.316,0.023,0.023,-0.734
1421.317,0.022,0.023,-2.102
1421.318,0.022,0.023,-2.355
1421.319,0.022,0.023,-1.235
1421.320,0.022,0.022,-1.122
1421.321,0.022,0.022,-1.029
1421.323,0.022,0.022,-0.707
1421.324,0.022,0.022,0.490
1421.325,0.022,0.022,1.165
1421.326,0.022,0.022,0.544
1421.327,0.022,0.022,-0.375
1421.329,0.022,0.022,-0.753
1421.330,0.022,0.022,-1.346
1421.331,0.021,0.022,-1.692
1421.332,0.021,0.022,-1.864
1421.333,0.021,0.022,-1.027
1421.334,0.021,0.022,-1.338
1421.336,0.021,0.021,-1.031
1421.337,0.021,0.021,-0.021
1421.338,0.021,0.021,0.321
1421.339,0.021,0.021,0.954
1421.340,0.021,0.021,0.961
1421.341,0.021,0.021,1.356
1421.343,0.021,0.021,2.175
1421.344,0.021,0.021,0.735
1421.345,0.021,0.021,-0.927
1421.346,0.021,0.021,-0.440
1421.347,0.021,0.021,-0.518
1421.348,0.020,0.021,-1.213
1421.350,0.020,0.021,-2.649
1421.351,0.020,0.021,-2.521
1421.352,0.020,0.020,-1.003
1421.353,0.020,0.020,-1.051
1421.354,0.020,0.020,-0.860
1421.355,0.020,0.020,-0.628
1421.357,0.020,0.020,-1.395
1421.358,0.020,0.020,-2.599
1421.359,0.020,0.020,-1.835
1421.360,0.020,0.020,0.047
1421.361,0.020,0.020,0.499
1421.362,0.020,0.020,-0.061
1421.364,0.019,0.020,0.333
1421.365,0.019,0.020,-0.931
1421.366,0.019,0.020,-1.725
1421.367,0.019,0.019,-1.112
1421.368,0.019,0.019,-0.707
1421.370,0.019,0.019,-0.468
1421.371,0.019,0.019,0.014
1421.372,0.019,0.019,0.167
1421.373,0.019,0.019,0.161
1421.374,0.019,0.019,-0.406
1421.375,0.019,0.019,-0.007
1421.377,0.019,0.019,0.456
1421.378,0.019,0.019,0.177
1421.379,0.019,0.019,-0.336
1421.380,0.019,0.019,-0.710
1421.381,0.018,0.019,-0.980
1421.382,0.018,0.019,-0.696
1421.384,0.018,0.019,-0.607
1421.385,0.018,0.018,-0.507
1421.386,0.018,0.019,-1.090
1421.387,0.018,0.019,-2.320
1421.388,0.018,0.018,-1.913
1421.389,0.018,0.018,-1.252
1421.391,0.018,0.018,-0.760
1421.392,0.018,0.018,-0.459
1421.393,0.018,0.018,-0.293
1421.394,0.018,0.018,-0.272
1421.395,0.018,0.018,-0.414
1421.396,0.018,0.018,-0.307
1421.398,0.018,0.018,-0.138
1421.399,0.018,0.018,0.914
